"top20","salary_year_avg","job_location","job_schedule_type","company_name","skills"
"1","234000.0","Sunnyvale, CA","Full-time and Part-time","Walmart Global Tech","nosql"
"1","234000.0","Sunnyvale, CA","Full-time and Part-time","Walmart Global Tech","python"
"1","234000.0","Sunnyvale, CA","Full-time and Part-time","Walmart Global Tech","sql"
"1","234000.0","Sunnyvale, CA","Full-time and Part-time","Walmart Global Tech","scala"
"1","234000.0","Sunnyvale, CA","Full-time and Part-time","Walmart Global Tech","r"
"1","234000.0","Sunnyvale, CA","Full-time and Part-time","Walmart Global Tech","sas"
"1","234000.0","Sunnyvale, CA","Full-time and Part-time","Walmart Global Tech","oracle"
"1","234000.0","Sunnyvale, CA","Full-time and Part-time","Walmart Global Tech","spark"
"1","234000.0","Sunnyvale, CA","Full-time and Part-time","Walmart Global Tech","matplotlib"
"1","234000.0","Sunnyvale, CA","Full-time and Part-time","Walmart Global Tech","excel"
"1","234000.0","Sunnyvale, CA","Full-time and Part-time","Walmart Global Tech","tableau"
"1","234000.0","Sunnyvale, CA","Full-time and Part-time","Walmart Global Tech","power bi"
"1","234000.0","Sunnyvale, CA","Full-time and Part-time","Walmart Global Tech","sas"
"2","202000.0","California","Full-time and Part-time","Walmart Global Tech","scala"
"2","202000.0","California","Full-time and Part-time","Walmart Global Tech","r"
"2","202000.0","California","Full-time and Part-time","Walmart Global Tech","spark"
"2","202000.0","California","Full-time and Part-time","Walmart Global Tech","sql"
"2","202000.0","California","Full-time and Part-time","Walmart Global Tech","power bi"
"2","202000.0","California","Full-time and Part-time","Walmart Global Tech","tableau"
"2","202000.0","California","Full-time and Part-time","Walmart Global Tech","python"
"3","193048.0","Fairview, PA","Full-time and Part-time","U.S. Department of the Treasury","python"
"3","193048.0","Fairview, PA","Full-time and Part-time","U.S. Department of the Treasury","sas"
"3","193048.0","Fairview, PA","Full-time and Part-time","U.S. Department of the Treasury","c"
"3","193048.0","St Charles, MO","Full-time and Part-time","U.S. Department of the Treasury","sas"
"3","193048.0","St Charles, MO","Full-time and Part-time","U.S. Department of the Treasury","c"
"3","193048.0","St Charles, MO","Full-time and Part-time","U.S. Department of the Treasury","sas"
"3","193048.0","St Charles, MO","Full-time and Part-time","U.S. Department of the Treasury","r"
"3","193048.0","St Charles, MO","Full-time and Part-time","U.S. Department of the Treasury","python"
"3","193048.0","Fairview, PA","Full-time and Part-time","U.S. Department of the Treasury","sas"
"3","193048.0","Fairview, PA","Full-time and Part-time","U.S. Department of the Treasury","r"
"4","170000.0","Arlington, VA","Full-time and Part-time","US Office of the Secretary of Defense","terminal"
"4","170000.0","Arlington, VA","Full-time and Part-time","US Office of the Secretary of Defense","c"
"4","170000.0","Arlington, VA","Full-time and Part-time","US Office of the Secretary of Defense","go"
"5","153000.0","Sunnyvale, CA","Full-time and Part-time","Walmart","python"
"5","153000.0","Sunnyvale, CA","Full-time and Part-time","Walmart","sql"
"5","153000.0","Sunnyvale, CA","Full-time and Part-time","Walmart","tableau"
"5","153000.0","Sunnyvale, CA","Full-time and Part-time","Walmart","r"
"5","153000.0","Sunnyvale, CA","Full-time and Part-time","Walmart","scala"
"5","153000.0","Sunnyvale, CA","Full-time and Part-time","Walmart","power bi"
"5","153000.0","Sunnyvale, CA","Full-time and Part-time","Walmart","spark"
"6","152650.0","Maryland","Full-time and Part-time","Booz Allen Hamilton","python"
"6","152650.0","Maryland","Full-time and Part-time","Booz Allen Hamilton","excel"
"6","152650.0","Maryland","Full-time and Part-time","Booz Allen Hamilton","r"
"7","152221.5","Fort Meade, MD","Part-time","US Defense Counterintelligence and Security Agency","qlik"
"7","152221.5","Fort Meade, MD","Part-time","US Defense Counterintelligence and Security Agency","sas"
"7","152221.5","Anywhere","Full-time and Part-time","US Patent and Trademark Office","databricks"
"7","152221.5","Anywhere","Full-time and Part-time","US Patent and Trademark Office","go"
"7","152221.5","Anywhere","Full-time and Part-time","US Patent and Trademark Office","r"
"7","152221.5","Anywhere","Full-time and Part-time","US Patent and Trademark Office","tableau"
"7","152221.5","Fort Meade, MD","Part-time","US Defense Counterintelligence and Security Agency","sas"
"7","152221.5","Fort Meade, MD","Part-time","US Defense Counterintelligence and Security Agency","tableau"
"7","152221.5","Fort Meade, MD","Part-time","US Defense Counterintelligence and Security Agency","spss"
"7","152221.5","Fort Meade, MD","Part-time","US Defense Counterintelligence and Security Agency","terminal"
"7","152221.5","Anywhere","Full-time and Part-time","US Patent and Trademark Office","sql"
"7","152221.5","Anywhere","Full-time and Part-time","US Patent and Trademark Office","alteryx"
"8","145000.0","Herndon, VA","Full-time and Part-time","IBM","ibm cloud"
"8","145000.0","Herndon, VA","Full-time and Part-time","IBM","powershell"
"8","145000.0","Herndon, VA","Full-time and Part-time","IBM","sql"
"8","145000.0","Herndon, VA","Full-time and Part-time","IBM","azure"
"8","145000.0","Herndon, VA","Full-time and Part-time","IBM","python"
"9","126801.5","Philadelphia, PA","Full-time and Part-time","US Department of Transportation","phoenix"
"9","126801.5","Chicago, IL","Full-time and Part-time","US Department of Transportation","phoenix"
"10","125000.0","San Bruno, CA","Full-time and Part-time","Wal-Mart","spreadsheet"
"10","125000.0","San Bruno, CA","Full-time and Part-time","Wal-Mart","sql"
"10","125000.0","San Bruno, CA","Full-time and Part-time","Wal-Mart","r"
"10","125000.0","San Bruno, CA","Full-time and Part-time","Wal-Mart","sas"
"10","125000.0","San Bruno, CA","Full-time and Part-time","Wal-Mart","tableau"
"10","125000.0","San Bruno, CA","Full-time and Part-time","Wal-Mart","sas"
"11","120200.0","Long Beach, CA","Full-time and Part-time","SCAN Health Plan","sql"
"11","120200.0","Long Beach, CA","Full-time and Part-time","SCAN Health Plan","sas"
"11","120200.0","Long Beach, CA","Full-time and Part-time","SCAN Health Plan","excel"
"11","120200.0","Long Beach, CA","Full-time and Part-time","SCAN Health Plan","sas"
"12","119550.0","United States","Full-time and Part-time","Booz Allen Hamilton","r"
"12","119550.0","Annapolis Junction, MD","Full-time and Part-time","Booz Allen Hamilton","python"
"12","119550.0","Annapolis Junction, MD","Full-time and Part-time","Booz Allen Hamilton","flow"
"12","119550.0","United States","Full-time and Part-time","Booz Allen Hamilton","python"
"12","119550.0","United States","Full-time and Part-time","Booz Allen Hamilton","sas"
"12","119550.0","United States","Full-time and Part-time","Booz Allen Hamilton","c++"
"12","119550.0","United States","Full-time and Part-time","Booz Allen Hamilton","c#"
"12","119550.0","United States","Full-time and Part-time","Booz Allen Hamilton","perl"
"12","119550.0","United States","Full-time and Part-time","Booz Allen Hamilton","tableau"
"12","119550.0","United States","Full-time and Part-time","Booz Allen Hamilton","sas"
"12","119550.0","United States","Full-time and Part-time","Booz Allen Hamilton","qlik"
"12","119550.0","United States","Full-time and Part-time","Booz Allen Hamilton","spss"
"12","119550.0","Arlington, VA","Full-time and Part-time","Booz Allen Hamilton, Inc.","perl"
"12","119550.0","Arlington, VA","Full-time and Part-time","Booz Allen Hamilton, Inc.","c#"
"12","119550.0","Arlington, VA","Full-time and Part-time","Booz Allen Hamilton, Inc.","c++"
"12","119550.0","Arlington, VA","Full-time and Part-time","Booz Allen Hamilton, Inc.","sas"
"12","119550.0","McLean, VA","Full-time and Part-time","Booz Allen Hamilton","oracle"
"12","119550.0","Arlington, VA","Full-time and Part-time","Booz Allen Hamilton, Inc.","spss"
"12","119550.0","Arlington, VA","Full-time and Part-time","Booz Allen Hamilton, Inc.","qlik"
"12","119550.0","Arlington, VA","Full-time and Part-time","Booz Allen Hamilton, Inc.","sas"
"12","119550.0","Arlington, VA","Full-time and Part-time","Booz Allen Hamilton, Inc.","r"
"12","119550.0","Arlington, VA","Full-time and Part-time","Booz Allen Hamilton, Inc.","java"
"12","119550.0","Arlington, VA","Full-time and Part-time","Booz Allen Hamilton, Inc.","python"
"12","119550.0","Arlington, VA","Full-time and Part-time","Booz Allen Hamilton, Inc.","tableau"
"13","117500.0","Dallas, TX","Full-time and Part-time","Walmart","scala"
"13","117500.0","Dallas, TX","Full-time and Part-time","Walmart","power bi"
"13","117500.0","Dallas, TX","Full-time and Part-time","Walmart","tableau"
"13","117500.0","Dallas, TX","Full-time and Part-time","Walmart","spark"
"13","117500.0","Dallas, TX","Full-time and Part-time","Walmart","r"
"13","117500.0","Dallas, TX","Full-time and Part-time","Walmart","python"
"13","117500.0","Dallas, TX","Full-time and Part-time","Walmart","sql"
"14","115000.0","Pleasant Hill, CA","Full-time and Part-time","Epik Solutions","excel"
"14","115000.0","Pleasant Hill, CA","Full-time and Part-time","Epik Solutions","python"
"14","115000.0","Pleasant Hill, CA","Full-time and Part-time","Epik Solutions","sql"
"14","115000.0","Pleasant Hill, CA","Full-time and Part-time","Epik Solutions","sap"
"15","111500.0","Washington, DC","Full-time and Part-time","IBM","ibm cloud"
"15","111500.0","Washington, DC","Full-time and Part-time","IBM","sql"
"15","111500.0","Washington, DC","Full-time and Part-time","IBM","power bi"
"15","111500.0","Anywhere","Full-time and Part-time","IBM","ibm cloud"
"15","111500.0","Anywhere","Full-time and Part-time","IBM","jira"
"15","111500.0","Anywhere","Full-time and Part-time","IBM","tableau"
"15","111500.0","Anywhere","Full-time and Part-time","IBM","sql"
"15","111500.0","Anywhere","Full-time and Part-time","IBM","python"
"15","111500.0","Anywhere","Full-time and Part-time","IBM","azure"
"16","108329.0","Washington, DC","Full-time and Part-time","US Federal Energy Regulatory Commission","go"
"16","108329.0","Washington, DC","Full-time and Part-time","US Federal Energy Regulatory Commission","power bi"
"16","108329.0","Washington, DC","Full-time and Part-time","US Federal Energy Regulatory Commission","c"
"17","105475.0","El Segundo, CA","Part-time","KARL STORZ Endoscopy - America","tableau"
"17","105475.0","El Segundo, CA","Part-time","KARL STORZ Endoscopy - America","sap"
"17","105475.0","El Segundo, CA","Part-time","KARL STORZ Endoscopy - America","looker"
"18","100500.0","United States","Part-time","Udacity, Inc.","sql"
"18","100500.0","United States","Part-time","Udacity, Inc.","zoom"
"18","100500.0","United States","Part-time","Udacity, Inc.","slack"
"18","100500.0","United States","Part-time","Udacity, Inc.","numpy"
"18","100500.0","United States","Part-time","Udacity, Inc.","pandas"
"18","100500.0","United States","Part-time","Udacity, Inc.","python"
"19","100000.0","Annapolis Junction, MD","Full-time and Part-time","Booz Allen Hamilton","flow"
"19","100000.0","Annapolis Junction, MD","Full-time and Part-time","Booz Allen Hamilton","python"
"19","100000.0","Boston, MA","Full-time and Part-time","Capital One","python"
"19","100000.0","Boston, MA","Full-time and Part-time","Capital One","scala"
"19","100000.0","Boston, MA","Full-time and Part-time","Capital One","shell"
"19","100000.0","Boston, MA","Full-time and Part-time","Capital One","azure"
"19","100000.0","Boston, MA","Full-time and Part-time","Capital One","aws"
"19","100000.0","Boston, MA","Full-time and Part-time","Capital One","redshift"
"19","100000.0","Boston, MA","Full-time and Part-time","Capital One","snowflake"
"19","100000.0","Boston, MA","Full-time and Part-time","Capital One","spark"
"19","100000.0","Boston, MA","Full-time and Part-time","Capital One","hadoop"
"19","100000.0","Arlington, VA","Full-time and Part-time","Capital One","sql"
"19","100000.0","Arlington, VA","Full-time and Part-time","Capital One","python"
"19","100000.0","Arlington, VA","Full-time and Part-time","Capital One","nosql"
"19","100000.0","Arlington, VA","Full-time and Part-time","Capital One","scala"
"19","100000.0","Arlington, VA","Full-time and Part-time","Capital One","java"
"19","100000.0","Arlington, VA","Full-time and Part-time","Capital One","shell"
"19","100000.0","Arlington, VA","Full-time and Part-time","Capital One","mongo"
"19","100000.0","Arlington, VA","Full-time and Part-time","Capital One","mysql"
"19","100000.0","Arlington, VA","Full-time and Part-time","Capital One","cassandra"
"19","100000.0","Arlington, VA","Full-time and Part-time","Capital One","azure"
"19","100000.0","Arlington, VA","Full-time and Part-time","Capital One","aws"
"19","100000.0","Arlington, VA","Full-time and Part-time","Capital One","redshift"
"19","100000.0","Arlington, VA","Full-time and Part-time","Capital One","snowflake"
"19","100000.0","Arlington, VA","Full-time and Part-time","Capital One","spark"
"19","100000.0","Arlington, VA","Full-time and Part-time","Capital One","hadoop"
"19","100000.0","Arlington, VA","Full-time and Part-time","Capital One","kafka"
"19","100000.0","St. Louis, MO","Full-time and Part-time","Booz Allen Hamilton","sql"
"19","100000.0","St. Louis, MO","Full-time and Part-time","Booz Allen Hamilton","python"
"19","100000.0","St. Louis, MO","Full-time and Part-time","Booz Allen Hamilton","r"
"19","100000.0","St. Louis, MO","Full-time and Part-time","Booz Allen Hamilton","sas"
"19","100000.0","St. Louis, MO","Full-time and Part-time","Booz Allen Hamilton","matlab"
"19","100000.0","St. Louis, MO","Full-time and Part-time","Booz Allen Hamilton","visual basic"
"19","100000.0","St. Louis, MO","Full-time and Part-time","Booz Allen Hamilton","oracle"
"19","100000.0","St. Louis, MO","Full-time and Part-time","Booz Allen Hamilton","tableau"
"19","100000.0","St. Louis, MO","Full-time and Part-time","Booz Allen Hamilton","sas"
"19","100000.0","St. Louis, MO","Full-time and Part-time","Booz Allen Hamilton","spss"
"20","95700.0","McLean, VA","Full-time and Part-time","Booz Allen Hamilton","sql"
"20","95700.0","McLean, VA","Full-time and Part-time","Booz Allen Hamilton","python"
"20","95700.0","McLean, VA","Full-time and Part-time","Booz Allen Hamilton","r"
"20","95700.0","McLean, VA","Full-time and Part-time","Booz Allen Hamilton","sas"
"20","95700.0","McLean, VA","Full-time and Part-time","Booz Allen Hamilton","excel"
"20","95700.0","McLean, VA","Full-time and Part-time","Booz Allen Hamilton","sas"
"20","95700.0","McLean, VA","Full-time and Part-time","Booz Allen Hamilton","powerpoint"
