"brackets","skills","skill_count","rank"
"Standard","sas","16","1"
"Standard","python","16","2"
"Standard","sql","13","3"
"Standard","tableau","11","4"
"Standard","r","10","5"
"Standard","power bi","6","6"
"Standard","excel","5","7"
"Standard","azure","4","8"
"Standard","c","4","9"
"Standard","spark","3","10"
"Low","sql","28","1"
"Low","python","20","2"
"Low","sas","16","3"
"Low","r","14","4"
"Low","excel","13","5"
"Low","tableau","12","6"
"Low","power bi","11","7"
"Low","aws","8","8"
"Low","oracle","6","9"
"Low","azure","6","10"
"High","scala","2","2"
"High","power bi","2","1"
"High","sas","2","4"
"High","spark","2","3"
"High","python","2","8"
"High","r","2","7"
"High","tableau","2","6"
"High","sql","2","5"
"High","excel","1","9"
"High","oracle","1","10"
