"skills","skill_count"
"sql","379"
"python","289"
"excel","229"
"power bi","200"
"tableau","156"
"r","129"
"sas","124"
"sap","91"
"powerpoint","53"
"vba","51"
"qlik","50"
"go","40"
"word","35"
"oracle","34"
"azure","34"
"vue","26"
"alteryx","22"
"postgresql","21"
"databricks","21"
"dax","21"
"aws","21"
"git","20"
"javascript","20"
"snowflake","20"
"tensorflow","18"
"pandas","18"
"chef","16"
"pyspark","15"
"microstrategy","15"
"spark","13"
"linux","13"
"bigquery","12"
"julia","12"
"cognos","12"
"looker","12"
"sharepoint","12"
"matlab","12"
"java","11"
"numpy","11"
"jira","10"
"sql server","10"
"mysql","10"
"spss","10"
"html","9"
"docker","9"
"flow","8"
"kubernetes","8"
"c","8"
"css","7"
"gdpr","6"
"elasticsearch","6"
"scala","6"
"mongodb","6"
"vmware","6"
"nosql","6"
"atlassian","6"
"ruby","6"
"jupyter","5"
"c++","5"
"matplotlib","5"
"hadoop","5"
"gcp","5"
"github","5"
"react","5"
"outlook","5"
"mongo","4"
"windows","4"
"visio","4"
"php","4"
"c#","4"
"airflow","4"
"scikit-learn","4"
"gitlab","3"
"redshift","3"
"keras","3"
"t-sql","3"
"confluence","3"
"angular","3"
"ssis","3"
"pytorch","2"
"firebase","2"
"groovy","2"
"no-sql","2"
"redis","2"
"seaborn","2"
"sheets","2"
"svelte","2"
"unix","2"
"powershell","1"
"splunk","1"
"spreadsheet","1"
"perl","1"
"pascal","1"
"notion","1"
"sqlite","1"
"node.js","1"
"ssrs","1"
"assembly","1"
"nltk","1"
"ms access","1"
"mariadb","1"
"terraform","1"
"theano","1"
"typescript","1"
"unity","1"
"wrike","1"
"kotlin","1"
"express","1"
"visual basic","1"
"django","1"
"delphi","1"
"db2","1"
"slack","1"
"shell","1"
