"salary_year_avg","job_location","job_schedule_type","company_name"
"234000.0","Sunnyvale, CA","Full-time and Part-time","Walmart Global Tech"
"202000.0","California","Full-time and Part-time","Walmart Global Tech"
"193048.0","Fairview, PA","Full-time and Part-time","U.S. Department of the Treasury"
"193048.0","St Charles, MO","Full-time and Part-time","U.S. Department of the Treasury"
"174000.0","Irving, TX","Full-time and Part-time","Wells Fargo"
"170500.0","Oakland, CA","Full-time and Part-time","Blue Shield of California"
"170000.0","Arlington, VA","Full-time and Part-time","US Office of the Secretary of Defense"
"153000.0","Sunnyvale, CA","Full-time and Part-time","Walmart"
"152650.0","Maryland","Full-time and Part-time","Booz Allen Hamilton"
"152221.5","Fort Meade, MD","Part-time","US Defense Counterintelligence and Security Agency"
"152221.5","Anywhere","Full-time and Part-time","US Patent and Trademark Office"
"145000.0","Herndon, VA","Full-time and Part-time","IBM"
"126801.5","Philadelphia, PA","Full-time and Part-time","US Department of Transportation"
"126801.5","Chicago, IL","Full-time and Part-time","US Department of Transportation"
"126765.0","Carson City, NV","Part-time","Change Healthcare"
"125000.0","San Bruno, CA","Full-time and Part-time","Wal-Mart"
"120200.0","Long Beach, CA","Full-time and Part-time","SCAN Health Plan"
"119550.0","McLean, VA","Full-time and Part-time","Booz Allen Hamilton"
"119550.0","Annapolis Junction, MD","Full-time and Part-time","Booz Allen Hamilton"
"119550.0","United States","Full-time and Part-time","Booz Allen Hamilton"
